sub-season101,1
sub-season101,2
sub-season101,3
sub-season102,1
sub-season102,2
sub-season102,3
sub-season103,1
sub-season103,2
sub-season103,3
sub-season104,1
sub-season104,2
sub-season104,3
sub-season105,1
sub-season105,2
sub-season105,3
sub-season106,1
sub-season106,2
sub-season106,3
sub-season107,1
sub-season107,2
sub-season107,3
sub-season108,1
sub-season108,2
sub-season108,3
sub-season109,1
sub-season109,2
sub-season109,3
sub-season110,1
sub-season110,2
sub-season110,3
sub-season111,1
sub-season111,2
sub-season111,3
sub-season112,1
sub-season112,2
sub-season112,3
sub-season114,1
sub-season114,2
sub-season114,3
sub-season116,1
sub-season116,2
sub-season116,3
sub-season117,1
sub-season117,2
sub-season117,3
sub-season119,1
sub-season119,2
sub-season119,3
sub-season120,1
sub-season120,2
sub-season120,3
sub-season121,1
sub-season121,2
sub-season121,3
sub-season122,1
sub-season122,2
sub-season122,3
sub-season123,1
sub-season123,2
sub-season123,3
sub-season124,1
sub-season124,2
sub-season124,3
sub-season125,1
sub-season125,2
sub-season125,3
sub-season126,1
sub-season126,2
sub-season126,3
sub-season127,1
sub-season127,2
sub-season127,3
sub-season128,1
sub-season128,2
sub-season128,3
sub-season129,1
sub-season129,2
sub-season129,3
sub-season130,1
sub-season130,2
sub-season130,3
sub-season131,1
sub-season131,2
sub-season131,3
sub-season132,1
sub-season132,2
sub-season132,3
sub-season133,1
sub-season133,2
sub-season133,3
sub-season134,1
sub-season134,2
sub-season134,3
sub-season135,1
sub-season135,2
sub-season135,3
sub-season136,1
sub-season136,2
sub-season136,3
sub-season137,1
sub-season137,2
sub-season137,3
sub-season138,1
sub-season138,2
sub-season138,3
sub-season139,1
sub-season139,2
sub-season139,3
sub-season202,1
sub-season202,2
sub-season202,3
sub-season204,1
sub-season204,2
sub-season204,3
sub-season206,1
sub-season206,2
sub-season206,3
sub-season207,1
sub-season207,2
sub-season207,3
sub-season208,1
sub-season208,2
sub-season208,3
sub-season211,1
sub-season211,2
sub-season211,3
sub-season212,1
sub-season212,2
sub-season212,3
sub-season213,1
sub-season213,2
sub-season213,3
sub-season214,1
sub-season214,2
sub-season214,3
sub-season215,1
sub-season215,2
sub-season215,3
sub-season216,1
sub-season216,2
sub-season216,3
sub-season217,1
sub-season217,2
sub-season217,3
